{
    "loss": 6.275389194488525,
    "accuracy": 0.5686274766921997
}