{
    "loss": 17.892284393310547,
    "accuracy": 0.5686274766921997
}