{
    "loss": 10.566381454467773,
    "accuracy": 0.5686274766921997
}