{
    "loss": 24.27058219909668,
    "accuracy": 0.5686274766921997
}