{
    "loss": 6.030089855194092,
    "accuracy": 0.5686274766921997
}