{
    "loss": 4.9923505783081055,
    "accuracy": 0.44117647409439087
}